molecule_chembl_id,canonical_smiles,standard_value,bioactivity_class
CHEMBL1215810,CC[C@H](C)[C@H](NC(=O)[C@H](CCCCN)NC(=O)[C@@H](NC(=O)[C@H](CCCCN)NC(=O)[C@H](CCCCN)NC(=O)CNC(=O)[C@H](CO)NC(=O)[C@H](C)NC(=O)[C@@H](NC(=O)[C@H](Cc1cnc[nH]1)NC(=O)[C@H](Cc1ccccc1)NC(=O)CNC(=O)[C@H](CC(C)C)NC(=O)[C@@H](N)CC(C)C)[C@@H](C)O)C(C)C)C(=O)N[C@@H](C)C(=O)N[C@@H](CCCCN)C(=O)N[C@@H](CCC(=O)O)C(=O)N[C@@H](CO)C(=O)N[C@@H](CC(C)C)C(=O)N[C@@H](CC(=O)O)C(=O)N[C@@H](CCCCN)C(=O)N[C@H](C(=O)N[C@@H](CCCCN)C(=O)N[C@@H](CC(N)=O)C(=O)N[C@@H](CC(C)C)C(=O)N[C@@H](Cc1ccccc1)C(=O)N[C@@H](CC(=O)O)C(=O)N[C@@H](CCC(=O)O)C(=O)O)C(C)C,2100,intermediate
CHEMBL1215811,CC[C@H](C)[C@H](NC(=O)[C@H](CCCCN)NC(=O)[C@@H](NC(=O)[C@H](CCCCN)NC(=O)[C@H](CCCCN)NC(=O)CNC(=O)[C@H](CO)NC(=O)[C@H](C)NC(=O)[C@@H](NC(=O)[C@H](Cc1cnc[nH]1)NC(=O)[C@H](Cc1ccccc1)NC(=O)CN)[C@@H](C)O)C(C)C)C(=O)N[C@@H](C)C(=O)N[C@@H](CCCCN)C(=O)N[C@@H](CCC(=O)O)C(=O)N[C@@H](CO)C(=O)N[C@@H](CC(C)C)C(=O)N[C@@H](CC(=O)O)C(=O)N[C@@H](CCCCN)C(=O)N[C@H](C(=O)N[C@@H](CCCCN)C(=O)N[C@@H](CC(N)=O)C(=O)N[C@@H](CC(C)C)C(=O)N[C@@H](Cc1ccccc1)C(=O)N[C@@H](CC(=O)O)C(=O)N[C@@H](CCC(=O)O)C(=O)O)C(C)C,3500,intermediate
CHEMBL1215812,CC[C@H](C)[C@H](NC(=O)[C@H](CCCCN)NC(=O)[C@@H](NC(=O)[C@H](CCCCN)NC(=O)[C@H](CCCCN)NC(=O)CNC(=O)[C@H](CO)NC(=O)[C@H](C)NC(=O)[C@@H](NC(=O)[C@@H](N)Cc1cnc[nH]1)[C@@H](C)O)C(C)C)C(=O)N[C@@H](C)C(=O)N[C@@H](CCCCN)C(=O)N[C@@H](CCC(=O)O)C(=O)N[C@@H](CO)C(=O)N[C@@H](CC(C)C)C(=O)N[C@@H](CC(=O)O)C(=O)N[C@@H](CCCCN)C(=O)N[C@H](C(=O)N[C@@H](CCCCN)C(=O)N[C@@H](CC(N)=O)C(=O)N[C@@H](CC(C)C)C(=O)N[C@@H](Cc1ccccc1)C(=O)N[C@@H](CC(=O)O)C(=O)N[C@@H](CCC(=O)O)C(=O)O)C(C)C,100000,inactive
CHEMBL1215813,CC[C@H](C)[C@H](NC(=O)[C@H](CCCCN)NC(=O)[C@@H](NC(=O)[C@H](CCCCN)NC(=O)[C@H](CCCCN)NC(=O)CNC(=O)[C@H](CO)NC(=O)[C@H](C)NC(=O)[C@@H](NC(=O)[C@H](Cc1cnc[nH]1)NC(=O)[C@H](Cc1ccccc1)NC(=O)CN)[C@@H](C)O)C(C)C)C(=O)N[C@@H](C)C(=O)N[C@@H](CCCCN)C(=O)N[C@@H](CCC(=O)O)C(=O)N[C@@H](CO)C(=O)N[C@@H](CC(C)C)C(=O)N[C@@H](CC(=O)O)C(=O)N[C@@H](CCCCN)C(=O)N[C@H](C(=O)N[C@@H](CCCCN)C(=O)N[C@@H](CC(N)=O)C(=O)N[C@@H](CC(C)C)C(=O)N[C@@H](Cc1ccccc1)C(=O)O)C(C)C,11000,inactive
CHEMBL1215814,CC[C@H](C)[C@H](NC(=O)[C@H](CCCCN)NC(=O)[C@@H](NC(=O)[C@H](CCCCN)NC(=O)[C@H](CCCCN)NC(=O)CNC(=O)[C@H](CO)NC(=O)[C@H](C)NC(=O)[C@@H](NC(=O)[C@H](Cc1cnc[nH]1)NC(=O)[C@@H](N)Cc1ccccc1)[C@@H](C)O)C(C)C)C(=O)N[C@@H](C)C(=O)N[C@@H](CCCCN)C(=O)N[C@@H](CCC(=O)O)C(=O)N[C@@H](CO)C(=O)N[C@@H](CC(C)C)C(=O)N[C@@H](CC(=O)O)C(=O)N[C@@H](CCCCN)C(=O)N[C@H](C(=O)N[C@@H](CCCCN)C(=O)N[C@@H](CC(N)=O)C(=O)N[C@@H](CC(C)C)C(=O)O)C(C)C,40000,inactive
CHEMBL1215813,CC[C@H](C)[C@H](NC(=O)[C@H](CCCCN)NC(=O)[C@@H](NC(=O)[C@H](CCCCN)NC(=O)[C@H](CCCCN)NC(=O)CNC(=O)[C@H](CO)NC(=O)[C@H](C)NC(=O)[C@@H](NC(=O)[C@H](Cc1cnc[nH]1)NC(=O)[C@H](Cc1ccccc1)NC(=O)CN)[C@@H](C)O)C(C)C)C(=O)N[C@@H](C)C(=O)N[C@@H](CCCCN)C(=O)N[C@@H](CCC(=O)O)C(=O)N[C@@H](CO)C(=O)N[C@@H](CC(C)C)C(=O)N[C@@H](CC(=O)O)C(=O)N[C@@H](CCCCN)C(=O)N[C@H](C(=O)N[C@@H](CCCCN)C(=O)N[C@@H](CC(N)=O)C(=O)N[C@@H](CC(C)C)C(=O)N[C@@H](Cc1ccccc1)C(=O)O)C(C)C,11000,inactive
CHEMBL1215815,CC[C@H](C)[C@H](NC(=O)[C@H](CCCCN)NC(=O)[C@@H](NC(=O)[C@H](CCCCN)NC(=O)[C@H](CCCCN)NC(=O)CNC(=O)[C@H](CO)NC(=O)[C@H](C)NC(=O)[C@@H](NC(=O)[C@H](Cc1ccc(O)cc1)NC(=O)[C@H](Cc1ccccc1)NC(=O)CN)[C@@H](C)O)C(C)C)C(=O)N[C@@H](C)C(=O)N[C@@H](CCCCN)C(=O)N[C@@H](CCC(=O)O)C(=O)N[C@@H](CO)C(=O)N[C@@H](CC(C)C)C(=O)N[C@@H](CC(=O)O)C(=O)N[C@@H](CCCCN)C(=O)N[C@H](C(=O)N[C@@H](CCCCN)C(=O)N[C@@H](CC(N)=O)C(=O)N[C@@H](CC(C)C)C(=O)N[C@@H](Cc1ccccc1)C(=O)O)C(C)C,7000,intermediate
CHEMBL1215816,CC[C@H](C)[C@H](NC(=O)[C@H](CCCCN)NC(=O)[C@@H](NC(=O)[C@H](CCCCN)NC(=O)[C@H](CCCCN)NC(=O)CNC(=O)[C@H](CO)NC(=O)[C@H](CO)NC(=O)[C@@H](NC(=O)[C@H](Cc1cnc[nH]1)NC(=O)[C@H](Cc1ccccc1)NC(=O)CN)[C@@H](C)O)C(C)C)C(=O)N[C@@H](C)C(=O)N[C@@H](CCCCN)C(=O)N[C@@H](CCC(=O)O)C(=O)N[C@@H](CO)C(=O)N[C@@H](CC(C)C)C(=O)N[C@@H](CC(=O)O)C(=O)N[C@@H](CCCCN)C(=O)N[C@H](C(=O)N[C@@H](CCCCN)C(=O)N[C@@H](CC(N)=O)C(=O)N[C@@H](CC(C)C)C(=O)N[C@@H](Cc1ccccc1)C(=O)O)C(C)C,40000,inactive
CHEMBL1215817,CC[C@H](C)[C@H](NC(=O)[C@H](CCCCN)NC(=O)[C@@H](NC(=O)[C@H](CCCCN)NC(=O)[C@H](CCCCN)NC(=O)CNC(=O)[C@H](CO)NC(=O)[C@H](C)NC(=O)[C@@H](NC(=O)[C@H](Cc1cnc[nH]1)NC(=O)[C@H](Cc1ccccc1)NC(=O)CN)[C@@H](C)O)C(C)C)C(=O)N[C@@H](CO)C(=O)N[C@@H](CCCCN)C(=O)N[C@@H](CCC(=O)O)C(=O)N[C@@H](CO)C(=O)N[C@@H](CC(C)C)C(=O)N[C@@H](CC(=O)O)C(=O)N[C@@H](CCCCN)C(=O)N[C@H](C(=O)N[C@@H](CCCCN)C(=O)N[C@@H](CC(N)=O)C(=O)N[C@@H](CC(C)C)C(=O)N[C@@H](Cc1ccccc1)C(=O)O)C(C)C,2500,intermediate
CHEMBL1215818,CC[C@H](C)[C@H](NC(=O)[C@H](CCCCN)NC(=O)[C@@H](NC(=O)[C@H](CCCCN)NC(=O)[C@H](CCCCN)NC(=O)CNC(=O)[C@H](CO)NC(=O)[C@H](C)NC(=O)[C@@H](NC(=O)[C@H](Cc1cnc[nH]1)NC(=O)[C@H](Cc1ccccc1)NC(=O)CN)[C@@H](C)O)C(C)C)C(=O)N[C@@H](C)C(=O)N[C@@H](CCCCN)C(=O)N[C@@H](CCC(=O)O)C(=O)N[C@@H](CO)C(=O)N[C@@H](CC(C)C)C(=O)N[C@@H](CC(=O)O)C(=O)N[C@@H](CCCCN)C(=O)N[C@H](C(=O)N[C@@H](CCCCN)C(=O)N[C@@H](CC(N)=O)C(=O)N[C@@H](Cc1ccccc1)C(=O)N[C@@H](Cc1ccccc1)C(=O)O)C(C)C,5000,intermediate
CHEMBL1215819,CC[C@H](C)[C@H](NC(=O)[C@H](CCCCN)NC(=O)[C@@H](NC(=O)[C@H](CCCCN)NC(=O)[C@H](CCCCN)NC(=O)CNC(=O)[C@H](CO)NC(=O)[C@H](C)NC(=O)[C@@H](NC(=O)[C@H](Cc1ccc(O)cc1)NC(=O)[C@H](Cc1ccccc1)NC(=O)CN)[C@@H](C)O)C(C)C)C(=O)N[C@@H](CO)C(=O)N[C@@H](CCCCN)C(=O)N[C@@H](CCC(=O)O)C(=O)N[C@@H](CO)C(=O)N[C@@H](CC(C)C)C(=O)N[C@@H](CC(=O)O)C(=O)N[C@@H](CCCCN)C(=O)N[C@H](C(=O)N[C@@H](CCCCN)C(=O)N[C@@H](CC(N)=O)C(=O)N[C@@H](Cc1ccccc1)C(=O)N[C@@H](Cc1ccccc1)C(=O)O)C(C)C,1500,intermediate
CHEMBL1215813,CC[C@H](C)[C@H](NC(=O)[C@H](CCCCN)NC(=O)[C@@H](NC(=O)[C@H](CCCCN)NC(=O)[C@H](CCCCN)NC(=O)CNC(=O)[C@H](CO)NC(=O)[C@H](C)NC(=O)[C@@H](NC(=O)[C@H](Cc1cnc[nH]1)NC(=O)[C@H](Cc1ccccc1)NC(=O)CN)[C@@H](C)O)C(C)C)C(=O)N[C@@H](C)C(=O)N[C@@H](CCCCN)C(=O)N[C@@H](CCC(=O)O)C(=O)N[C@@H](CO)C(=O)N[C@@H](CC(C)C)C(=O)N[C@@H](CC(=O)O)C(=O)N[C@@H](CCCCN)C(=O)N[C@H](C(=O)N[C@@H](CCCCN)C(=O)N[C@@H](CC(N)=O)C(=O)N[C@@H](CC(C)C)C(=O)N[C@@H](Cc1ccccc1)C(=O)O)C(C)C,6000,intermediate
CHEMBL1215815,CC[C@H](C)[C@H](NC(=O)[C@H](CCCCN)NC(=O)[C@@H](NC(=O)[C@H](CCCCN)NC(=O)[C@H](CCCCN)NC(=O)CNC(=O)[C@H](CO)NC(=O)[C@H](C)NC(=O)[C@@H](NC(=O)[C@H](Cc1ccc(O)cc1)NC(=O)[C@H](Cc1ccccc1)NC(=O)CN)[C@@H](C)O)C(C)C)C(=O)N[C@@H](C)C(=O)N[C@@H](CCCCN)C(=O)N[C@@H](CCC(=O)O)C(=O)N[C@@H](CO)C(=O)N[C@@H](CC(C)C)C(=O)N[C@@H](CC(=O)O)C(=O)N[C@@H](CCCCN)C(=O)N[C@H](C(=O)N[C@@H](CCCCN)C(=O)N[C@@H](CC(N)=O)C(=O)N[C@@H](CC(C)C)C(=O)N[C@@H](Cc1ccccc1)C(=O)O)C(C)C,2700,intermediate
CHEMBL1215817,CC[C@H](C)[C@H](NC(=O)[C@H](CCCCN)NC(=O)[C@@H](NC(=O)[C@H](CCCCN)NC(=O)[C@H](CCCCN)NC(=O)CNC(=O)[C@H](CO)NC(=O)[C@H](C)NC(=O)[C@@H](NC(=O)[C@H](Cc1cnc[nH]1)NC(=O)[C@H](Cc1ccccc1)NC(=O)CN)[C@@H](C)O)C(C)C)C(=O)N[C@@H](CO)C(=O)N[C@@H](CCCCN)C(=O)N[C@@H](CCC(=O)O)C(=O)N[C@@H](CO)C(=O)N[C@@H](CC(C)C)C(=O)N[C@@H](CC(=O)O)C(=O)N[C@@H](CCCCN)C(=O)N[C@H](C(=O)N[C@@H](CCCCN)C(=O)N[C@@H](CC(N)=O)C(=O)N[C@@H](CC(C)C)C(=O)N[C@@H](Cc1ccccc1)C(=O)O)C(C)C,2000,intermediate
CHEMBL1215818,CC[C@H](C)[C@H](NC(=O)[C@H](CCCCN)NC(=O)[C@@H](NC(=O)[C@H](CCCCN)NC(=O)[C@H](CCCCN)NC(=O)CNC(=O)[C@H](CO)NC(=O)[C@H](C)NC(=O)[C@@H](NC(=O)[C@H](Cc1cnc[nH]1)NC(=O)[C@H](Cc1ccccc1)NC(=O)CN)[C@@H](C)O)C(C)C)C(=O)N[C@@H](C)C(=O)N[C@@H](CCCCN)C(=O)N[C@@H](CCC(=O)O)C(=O)N[C@@H](CO)C(=O)N[C@@H](CC(C)C)C(=O)N[C@@H](CC(=O)O)C(=O)N[C@@H](CCCCN)C(=O)N[C@H](C(=O)N[C@@H](CCCCN)C(=O)N[C@@H](CC(N)=O)C(=O)N[C@@H](Cc1ccccc1)C(=O)N[C@@H](Cc1ccccc1)C(=O)O)C(C)C,2600,intermediate
CHEMBL1215819,CC[C@H](C)[C@H](NC(=O)[C@H](CCCCN)NC(=O)[C@@H](NC(=O)[C@H](CCCCN)NC(=O)[C@H](CCCCN)NC(=O)CNC(=O)[C@H](CO)NC(=O)[C@H](C)NC(=O)[C@@H](NC(=O)[C@H](Cc1ccc(O)cc1)NC(=O)[C@H](Cc1ccccc1)NC(=O)CN)[C@@H](C)O)C(C)C)C(=O)N[C@@H](CO)C(=O)N[C@@H](CCCCN)C(=O)N[C@@H](CCC(=O)O)C(=O)N[C@@H](CO)C(=O)N[C@@H](CC(C)C)C(=O)N[C@@H](CC(=O)O)C(=O)N[C@@H](CCCCN)C(=O)N[C@H](C(=O)N[C@@H](CCCCN)C(=O)N[C@@H](CC(N)=O)C(=O)N[C@@H](Cc1ccccc1)C(=O)N[C@@H](Cc1ccccc1)C(=O)O)C(C)C,1050,intermediate
CHEMBL1567670,O=c1c2ccccc2nc(/C=C/c2cccnc2)n1Cc1ccccc1,35000,inactive
CHEMBL1567670,O=c1c2ccccc2nc(/C=C/c2cccnc2)n1Cc1ccccc1,35000,inactive
CHEMBL1334552,O=C1C(Cl)=C(N2CCOCC2)C(=O)N1c1ccccc1Cl,19700,inactive
CHEMBL2316730,Nc1ccc(C2=C(N3CCOCC3)C(=O)N(c3ccc(Cl)c(Cl)c3)C2=O)cc1,50000,inactive
CHEMBL2316728,CN(C)c1ccc(C2=C(N3CCOCC3)C(=O)N(c3ccc(Cl)c(Cl)c3)C2=O)cc1,50000,inactive
CHEMBL2316726,COc1ccc(C2=C(N3CCOCC3)C(=O)N(c3ccc(Cl)c(Cl)c3)C2=O)cc1,44170,inactive
CHEMBL2316725,O=C1C(I)=C(N2CCOCC2)C(=O)N1c1ccc(Cl)c(Cl)c1,250,active
CHEMBL2316724,O=C1C(Br)=C(N2CCOCC2)C(=O)N1c1ccc(Cl)c(Cl)c1,370,active
CHEMBL2316723,O=C1C(Cl)=C(c2ccc(C(F)(F)F)cc2)C(=O)N1c1ccc(Cl)c(Cl)c1,810,active
CHEMBL2316722,O=C1C(Cl)=C(c2ccccc2)C(=O)N1c1ccc(Cl)c(Cl)c1,930,active
CHEMBL2316721,Nc1ccc(C2=C(Cl)C(=O)N(c3ccc(Cl)c(Cl)c3)C2=O)cc1,1400,intermediate
CHEMBL2316720,COc1ccc(C2=C(Cl)C(=O)N(c3ccc(Cl)c(Cl)c3)C2=O)cc1OC,2140,intermediate
CHEMBL2316719,CN(C)c1ccc(C2=C(Cl)C(=O)N(c3ccc(Cl)c(Cl)c3)C2=O)cc1,15620,inactive
CHEMBL2316739,COc1ccc(C2=C(Cl)C(=O)N(c3ccc(Cl)c(Cl)c3)C2=O)cc1,5290,intermediate
CHEMBL1271764,CN1CCN(C2=C(Cl)C(=O)N(c3ccc(Cl)c(Cl)c3)C2=O)CC1,6430,intermediate
CHEMBL2316738,O=C1C(Cl)=C(N2CCOCC2)C(=O)N1c1ccc(Br)c(Cl)c1,3100,intermediate
CHEMBL2316737,O=C1C(Cl)=C(N2CCOCC2)C(=O)N1c1ccc(Cl)c(Br)c1,9940,intermediate
CHEMBL2316736,O=C1C(Cl)=C(N2CCOCC2)C(=O)N1c1ccc(Cl)c(F)c1,7910,intermediate
CHEMBL2316735,O=C1C(Cl)=C(N2CCOCC2)C(=O)N1c1ccc(F)c(Cl)c1,8320,intermediate
CHEMBL2316734,O=C1C(Cl)=C(N2CCOCC2)C(=O)N1c1ccc(F)c(F)c1,13160,inactive
CHEMBL1414442,O=C1C(Cl)=C(N2CCOCC2)C(=O)N1c1cccc(Cl)c1Cl,14880,inactive
CHEMBL2316733,O=C1C(Cl)=C(N2CCOCC2)C(=O)N1c1ccc(Cl)cc1,38170,inactive
CHEMBL1497208,O=C1C(Cl)=C(N2CCOCC2)C(=O)N1c1ccccc1,17850,inactive
CHEMBL1271993,O=C1C(Cl)=C(N2CCOCC2)C(=O)N1c1ccc(Cl)c(Cl)c1,6820,intermediate
CHEMBL3823840,CN(C)c1ccc(-c2nc3cc(F)c(F)cc3n3cccc23)cc1,100000,inactive
CHEMBL3823248,COc1ccc2c(c1)nc(-c1cccnc1)c1cccn12,38600,inactive
CHEMBL3823341,Oc1ccc2c(c1)nc(-c1cccnc1)c1cccn12,64900,inactive
CHEMBL3823178,CCCOc1ccc2c(c1)nc(-c1ccc(N)cc1)c1cccn12,46100,inactive
CHEMBL3823807,Nc1ccc(-c2nc3cc(OCCF)ccc3n3cccc23)cc1,20000,inactive
CHEMBL3823654,CN(C)c1ccc(-c2nc3cc(OC(C)(C)C(N)=O)ccc3n3cccc23)cc1,100000,inactive
CHEMBL1547184,COc1ccc2c(c1)NC(c1ccc(N(C)C)cc1)c1cccn1-2,100000,inactive
CHEMBL3823677,O=[N+]([O-])c1cccc(-c2nc3ccccc3n3cccc23)c1,100000,inactive
CHEMBL3824220,Nc1cccc(-c2nc3ccccc3n3cccc23)c1,100000,inactive
CHEMBL3823737,Oc1ccc(-c2nc3ccccc3n3cccc23)cc1,100000,inactive
CHEMBL3823934,O=[N+]([O-])c1ccc(-c2nc3ccccc3n3cccc23)cc1,100000,inactive
CHEMBL3824080,Nc1ccc(-c2nc3ccccc3n3cccc23)cc1,100000,inactive
CHEMBL3823105,CCNc1ccc(-c2nc3ccccc3n3cccc23)cc1,100000,inactive
CHEMBL3822575,c1ccc2c(c1)nc(-c1ccc(N3CCOCC3)cc1)c1cccn12,100000,inactive
CHEMBL3823966,c1cncc(-c2nc3ccccc3n3cccc23)c1,100000,inactive
CHEMBL3822942,c1ccc2c(c1)nc(-c1ccncc1)c1cccn12,100000,inactive
CHEMBL3823373,COc1ccc2c(c1)nc(-c1ccc(O)cc1)c1cccn12,35000,inactive
CHEMBL3824107,COc1ccc2c(c1)nc(-c1ccc(N)cc1)c1cccn12,100000,inactive
CHEMBL3822556,Oc1ccc(-c2nc3cc(O)ccc3n3cccc23)cc1,100000,inactive
CHEMBL3824216,O=[N+]([O-])c1ccc(-c2nc3cc(O)ccc3n3cccc23)cc1,57800,inactive
CHEMBL3823002,Nc1ccc(-c2nc3cc(O)ccc3n3cccc23)cc1,96900,inactive
CHEMBL3823899,Nc1ccc(-c2nc3cc(F)ccc3n3cccc23)cc1,81500,inactive
CHEMBL3823795,Nc1ccc(-c2nc3cc(F)c(F)cc3n3cccc23)cc1,100000,inactive
CHEMBL3823248,COc1ccc2c(c1)nc(-c1cccnc1)c1cccn12,100000,inactive
CHEMBL3823341,Oc1ccc2c(c1)nc(-c1cccnc1)c1cccn12,100000,inactive
CHEMBL1547184,COc1ccc2c(c1)NC(c1ccc(N(C)C)cc1)c1cccn1-2,13100,inactive
CHEMBL1547184,COc1ccc2c(c1)NC(c1ccc(N(C)C)cc1)c1cccn1-2,21300,inactive
CHEMBL1547184,COc1ccc2c(c1)NC(c1ccc(N(C)C)cc1)c1cccn1-2,100000,inactive
CHEMBL3824267,COc1ccc2c(c1)nc(-c1ccc(N(C)C)cc1)c1cccn12,13000,inactive
CHEMBL3823875,CN(C)c1ccc(-c2nc3ccccc3n3cccc23)cc1,27600,inactive
CHEMBL3823677,O=[N+]([O-])c1cccc(-c2nc3ccccc3n3cccc23)c1,100000,inactive
CHEMBL3824220,Nc1cccc(-c2nc3ccccc3n3cccc23)c1,91100,inactive
CHEMBL3823737,Oc1ccc(-c2nc3ccccc3n3cccc23)cc1,100000,inactive
CHEMBL3822905,FC(F)(F)Oc1ccc(-c2nc3ccccc3n3cccc23)cc1,100000,inactive
CHEMBL3823934,O=[N+]([O-])c1ccc(-c2nc3ccccc3n3cccc23)cc1,100000,inactive
CHEMBL3824080,Nc1ccc(-c2nc3ccccc3n3cccc23)cc1,22100,inactive
CHEMBL3823105,CCNc1ccc(-c2nc3ccccc3n3cccc23)cc1,11100,inactive
CHEMBL3823629,c1ccc2c(c1)nc(-c1ccc(N3CCCC3)cc1)c1cccn12,100000,inactive
CHEMBL3822575,c1ccc2c(c1)nc(-c1ccc(N3CCOCC3)cc1)c1cccn12,27200,inactive
CHEMBL3823966,c1cncc(-c2nc3ccccc3n3cccc23)c1,71700,inactive
CHEMBL3822942,c1ccc2c(c1)nc(-c1ccncc1)c1cccn12,79400,inactive
CHEMBL224458,C1=C(c2nc3ccccc3n3cccc23)CCCC1,100000,inactive
CHEMBL3824268,c1ccc2c(-c3nc4ccccc4n4cccc34)cccc2c1,100000,inactive
CHEMBL3823373,COc1ccc2c(c1)nc(-c1ccc(O)cc1)c1cccn12,100000,inactive
CHEMBL3824180,COc1ccc2c(c1)nc(-c1ccc([N+](=O)[O-])cc1)c1cccn12,100000,inactive
CHEMBL3824107,COc1ccc2c(c1)nc(-c1ccc(N)cc1)c1cccn12,13200,inactive
CHEMBL3822556,Oc1ccc(-c2nc3cc(O)ccc3n3cccc23)cc1,27600,inactive
CHEMBL3824216,O=[N+]([O-])c1ccc(-c2nc3cc(O)ccc3n3cccc23)cc1,100000,inactive
CHEMBL3823002,Nc1ccc(-c2nc3cc(O)ccc3n3cccc23)cc1,8400,intermediate
CHEMBL3822706,CN(C)c1ccc(-c2nc3cc(O)ccc3n3cccc23)cc1,9800,intermediate
CHEMBL3823899,Nc1ccc(-c2nc3cc(F)ccc3n3cccc23)cc1,25000,inactive
CHEMBL3822797,CN(C)c1ccc(-c2nc3cc(F)ccc3n3cccc23)cc1,100000,inactive
CHEMBL3823795,Nc1ccc(-c2nc3cc(F)c(F)cc3n3cccc23)cc1,34000,inactive
CHEMBL3823105,CCNc1ccc(-c2nc3ccccc3n3cccc23)cc1,3000,intermediate
CHEMBL1567670,O=c1c2ccccc2nc(/C=C/c2cccnc2)n1Cc1ccccc1,6000,intermediate
CHEMBL1567670,O=c1c2ccccc2nc(/C=C/c2cccnc2)n1Cc1ccccc1,27400,inactive
CHEMBL133930,O=S(=O)([O-])c1cc(N=C=S)ccc1/C=C/c1ccc(N=C=S)cc1S(=O)(=O)[O-].[Na+].[Na+],750,active
CHEMBL5280045,N#Cc1ccc(/C=C/c2ccc(C#N)cc2S(=O)(=O)[O-])c(S(=O)(=O)[O-])c1.[Na+].[Na+],1300,intermediate
CHEMBL5267208,O=S(=O)([O-])c1cc(I)ccc1/C=C/c1ccc(I)cc1S(=O)(=O)[O-].[K+].[K+],17500,inactive
CHEMBL5269627,[N-]=[N+]=Nc1ccc(/C=C/c2ccc(N=[N+]=[N-])cc2S(=O)(=O)[O-])c(S(=O)(=O)[O-])c1.[Na+].[Na+],10000,inactive
CHEMBL5281504,CC(=O)Nc1ccc(/C=C/c2ccc(NC(C)=O)cc2S(=O)(=O)[O-])c(S(=O)(=O)[O-])c1.[Na+].[Na+],50000,inactive
CHEMBL5284017,CCC(=O)Nc1ccc(/C=C/c2ccc(NC(=O)CC)cc2S(=O)(=O)[O-])c(S(=O)(=O)[O-])c1.[Na+].[Na+],50000,inactive
CHEMBL5283877,O=C(Nc1ccc(/C=C/c2ccc(NC(=O)c3ccccc3)cc2S(=O)(=O)[O-])c(S(=O)(=O)[O-])c1)c1ccccc1.[Na+].[Na+],50000,inactive
CHEMBL5277728,COc1ccc(C(=O)Nc2ccc(/C=C/c3ccc(NC(=O)c4ccc(OC)cc4)cc3S(=O)(=O)[O-])c(S(=O)(=O)[O-])c2)cc1.[Na+].[Na+],3000,intermediate
CHEMBL5275181,CCOC(=O)Nc1ccc(/C=C/c2ccc(NC(=O)OCC)cc2S(=O)(=O)[O-])c(S(=O)(=O)[O-])c1.[Na+].[Na+],50000,inactive
CHEMBL5287027,O=C(Nc1ccc(/C=C/c2ccc(NC(=O)Oc3ccccc3)cc2S(=O)(=O)[O-])c(S(=O)(=O)[O-])c1)Oc1ccccc1.[Na+].[Na+],3800,intermediate
CHEMBL133930,O=S(=O)([O-])c1cc(N=C=S)ccc1/C=C/c1ccc(N=C=S)cc1S(=O)(=O)[O-].[Na+].[Na+],900,active
CHEMBL5280045,N#Cc1ccc(/C=C/c2ccc(C#N)cc2S(=O)(=O)[O-])c(S(=O)(=O)[O-])c1.[Na+].[Na+],4900,intermediate
CHEMBL5267208,O=S(=O)([O-])c1cc(I)ccc1/C=C/c1ccc(I)cc1S(=O)(=O)[O-].[K+].[K+],34000,inactive
CHEMBL5287526,O=[N+]([O-])c1ccc(/C=C/c2ccc([N+](=O)[O-])cc2S(=O)(=O)[O-])c(S(=O)(=O)[O-])c1.[Na+].[Na+],50000,inactive
CHEMBL5269627,[N-]=[N+]=Nc1ccc(/C=C/c2ccc(N=[N+]=[N-])cc2S(=O)(=O)[O-])c(S(=O)(=O)[O-])c1.[Na+].[Na+],21500,inactive
CHEMBL5267296,N#Cc1ccc(CCc2ccc(C#N)cc2S(=O)(=O)[O-])c(S(=O)(=O)[O-])c1.[Na+].[Na+],50000,inactive
CHEMBL5287615,CC(=O)Nc1ccc(/C=C/c2ccc(N=C=S)cc2S(=O)(=O)[O-])c(S(=O)(=O)[O-])c1.[Na+].[Na+],29000,inactive
CHEMBL5272279,N#Cc1ccc(/C=C/c2ccc([N+](=O)[O-])cc2S(=O)(=O)[O-])c(S(=O)(=O)[O-])c1.[Na+].[Na+],20000,inactive
CHEMBL5273057,[N-]=[N+]=Nc1ccc(/C=C/c2ccc(N=[N+]=[N-])cc2)cc1,50000,inactive
CHEMBL5277728,COc1ccc(C(=O)Nc2ccc(/C=C/c3ccc(NC(=O)c4ccc(OC)cc4)cc3S(=O)(=O)[O-])c(S(=O)(=O)[O-])c2)cc1.[Na+].[Na+],6500,intermediate
CHEMBL5273677,O=S(=O)([O-])c1cc(NS(=O)(=O)c2ccccc2)ccc1/C=C/c1ccc(NS(=O)(=O)c2ccccc2)cc1S(=O)(=O)[O-].[Na+].[Na+],41300,inactive
CHEMBL5278453,Cc1ccc(S(=O)(=O)Nc2ccc(/C=C/c3ccc(NS(=O)(=O)c4ccc(C)cc4)cc3S(=O)(=O)[O-])c(S(=O)(=O)[O-])c2)cc1.[Na+].[Na+],29000,inactive
CHEMBL5283187,O=[N+]([O-])c1ccc(S(=O)(=O)Nc2ccc(/C=C/c3ccc(NS(=O)(=O)c4ccc([N+](=O)[O-])cc4)cc3S(=O)(=O)[O-])c(S(=O)(=O)[O-])c2)cc1.[Na+].[Na+],50000,inactive
CHEMBL5279331,CC(C)COC(=O)Nc1ccc(/C=C/c2ccc(NC(=O)OCC(C)C)cc2S(=O)(=O)[O-])c(S(=O)(=O)[O-])c1.[Na+].[Na+],50000,inactive
CHEMBL5287027,O=C(Nc1ccc(/C=C/c2ccc(NC(=O)Oc3ccccc3)cc2S(=O)(=O)[O-])c(S(=O)(=O)[O-])c1)Oc1ccccc1.[Na+].[Na+],2300,intermediate
CHEMBL5276360,COS(=O)(=O)c1cc(NC(=O)Oc2ccccc2)ccc1/C=C/c1ccc(NC(=O)Oc2ccccc2)cc1S(=O)(=O)OC,50000,inactive
CHEMBL5274741,O=C(Nc1ccc(CCc2ccc(NC(=O)Oc3ccccc3)cc2S(=O)(=O)[O-])c(S(=O)(=O)[O-])c1)Oc1ccccc1.[Na+].[Na+],30000,inactive
CHEMBL5286345,O=C(Nc1ccc(/C=C/c2ccc(NC(=O)Oc3ccccc3)cc2)cc1)Oc1ccccc1,30500,inactive
CHEMBL5278397,O=S(=O)(Nc1ccc(/C=C/c2ccc(NS(=O)(=O)c3ccccc3)cc2)cc1)c1ccccc1,50000,inactive
CHEMBL1567670,O=c1c2ccccc2nc(/C=C/c2cccnc2)n1Cc1ccccc1,27400,inactive
CHEMBL133930,O=S(=O)([O-])c1cc(N=C=S)ccc1/C=C/c1ccc(N=C=S)cc1S(=O)(=O)[O-].[Na+].[Na+],900,active
CHEMBL5269627,[N-]=[N+]=Nc1ccc(/C=C/c2ccc(N=[N+]=[N-])cc2S(=O)(=O)[O-])c(S(=O)(=O)[O-])c1.[Na+].[Na+],44300,inactive
CHEMBL5287615,CC(=O)Nc1ccc(/C=C/c2ccc(N=C=S)cc2S(=O)(=O)[O-])c(S(=O)(=O)[O-])c1.[Na+].[Na+],29000,inactive
CHEMBL1271993,O=C1C(Cl)=C(N2CCOCC2)C(=O)N1c1ccc(Cl)c(Cl)c1,20000,inactive
