molecule_chembl_id,bioactivity_class,pIC50,canonical_smiles,MW,LogP,NumHDonors,NumHAcceptors
CHEMBL224458,inactive,4.0,C1=C(c2nc3ccccc3n3cccc23)CCCC1,248.32899999999992,4.444900000000002,0.0,1.0
CHEMBL5287615,inactive,4.5376020021010435,CC(=O)Nc1ccc(/C=C/c2ccc(N=C=S)cc2S(=O)(=O)[O-])c(S(=O)(=O)[O-])c1,452.4910000000002,2.3579000000000008,1.0,9.0
CHEMBL5281504,inactive,4.301029995663981,CC(=O)Nc1ccc(/C=C/c2ccc(NC(C)=O)cc2S(=O)(=O)[O-])c(S(=O)(=O)[O-])c1,452.4660000000002,1.5819999999999999,2.0,8.0
CHEMBL5279331,inactive,4.301029995663981,CC(C)COC(=O)Nc1ccc(/C=C/c2ccc(NC(=O)OCC(C)C)cc2S(=O)(=O)[O-])c(S(=O)(=O)[O-])c1,568.6260000000003,4.074200000000003,2.0,10.0
CHEMBL5284017,inactive,4.301029995663981,CCC(=O)Nc1ccc(/C=C/c2ccc(NC(=O)CC)cc2S(=O)(=O)[O-])c(S(=O)(=O)[O-])c1,480.5200000000002,2.3622000000000005,2.0,8.0
CHEMBL3823178,inactive,4.336299074610352,CCCOc1ccc2c(c1)nc(-c1ccc(N)cc1)c1cccn12,317.392,4.525500000000003,1.0,3.0
CHEMBL3823105,inactive,4.255315936723114,CCNc1ccc(-c2nc3ccccc3n3cccc23)cc1,287.36600000000004,4.586300000000003,1.0,2.0
CHEMBL5275181,inactive,4.301029995663981,CCOC(=O)Nc1ccc(/C=C/c2ccc(NC(=O)OCC)cc2S(=O)(=O)[O-])c(S(=O)(=O)[O-])c1,512.5180000000004,2.8020000000000005,2.0,10.0
CHEMBL1215812,inactive,4.0,CC[C@H](C)[C@H](NC(=O)[C@H](CCCCN)NC(=O)[C@@H](NC(=O)[C@H](CCCCN)NC(=O)[C@H](CCCCN)NC(=O)CNC(=O)[C@H](CO)NC(=O)[C@H](C)NC(=O)[C@@H](NC(=O)[C@@H](N)Cc1cnc[nH]1)[C@@H](C)O)C(C)C)C(=O)N[C@@H](C)C(=O)N[C@@H](CCCCN)C(=O)N[C@@H](CCC(=O)O)C(=O)N[C@@H](CO)C(=O)N[C@@H](CC(C)C)C(=O)N[C@@H](CC(=O)O)C(=O)N[C@@H](CCCCN)C(=O)N[C@H](C(=O)N[C@@H](CCCCN)C(=O)N[C@@H](CC(N)=O)C(=O)N[C@@H](CC(C)C)C(=O)N[C@@H](Cc1ccccc1)C(=O)N[C@@H](CC(=O)O)C(=O)N[C@@H](CCC(=O)O)C(=O)O)C(C)C,2686.1109999999953,-11.427500000000007,40.0,40.0
CHEMBL1215814,inactive,4.3979400086720375,CC[C@H](C)[C@H](NC(=O)[C@H](CCCCN)NC(=O)[C@@H](NC(=O)[C@H](CCCCN)NC(=O)[C@H](CCCCN)NC(=O)CNC(=O)[C@H](CO)NC(=O)[C@H](C)NC(=O)[C@@H](NC(=O)[C@H](Cc1cnc[nH]1)NC(=O)[C@@H](N)Cc1ccccc1)[C@@H](C)O)C(C)C)C(=O)N[C@@H](C)C(=O)N[C@@H](CCCCN)C(=O)N[C@@H](CCC(=O)O)C(=O)N[C@@H](CO)C(=O)N[C@@H](CC(C)C)C(=O)N[C@@H](CC(=O)O)C(=O)N[C@@H](CCCCN)C(=O)N[C@H](C(=O)N[C@@H](CCCCN)C(=O)N[C@@H](CC(N)=O)C(=O)N[C@@H](CC(C)C)C(=O)O)C(C)C,2441.9079999999985,-9.736599999999934,36.0,36.0
CHEMBL1215813,inactive,4.958607314841775,CC[C@H](C)[C@H](NC(=O)[C@H](CCCCN)NC(=O)[C@@H](NC(=O)[C@H](CCCCN)NC(=O)[C@H](CCCCN)NC(=O)CNC(=O)[C@H](CO)NC(=O)[C@H](C)NC(=O)[C@@H](NC(=O)[C@H](Cc1cnc[nH]1)NC(=O)[C@H](Cc1ccccc1)NC(=O)CN)[C@@H](C)O)C(C)C)C(=O)N[C@@H](C)C(=O)N[C@@H](CCCCN)C(=O)N[C@@H](CCC(=O)O)C(=O)N[C@@H](CO)C(=O)N[C@@H](CC(C)C)C(=O)N[C@@H](CC(=O)O)C(=O)N[C@@H](CCCCN)C(=O)N[C@H](C(=O)N[C@@H](CCCCN)C(=O)N[C@@H](CC(N)=O)C(=O)N[C@@H](CC(C)C)C(=O)N[C@@H](Cc1ccccc1)C(=O)O)C(C)C,2646.1369999999965,-9.892899999999987,38.0,38.0
CHEMBL1215816,inactive,4.3979400086720375,CC[C@H](C)[C@H](NC(=O)[C@H](CCCCN)NC(=O)[C@@H](NC(=O)[C@H](CCCCN)NC(=O)[C@H](CCCCN)NC(=O)CNC(=O)[C@H](CO)NC(=O)[C@H](CO)NC(=O)[C@@H](NC(=O)[C@H](Cc1cnc[nH]1)NC(=O)[C@H](Cc1ccccc1)NC(=O)CN)[C@@H](C)O)C(C)C)C(=O)N[C@@H](C)C(=O)N[C@@H](CCCCN)C(=O)N[C@@H](CCC(=O)O)C(=O)N[C@@H](CO)C(=O)N[C@@H](CC(C)C)C(=O)N[C@@H](CC(=O)O)C(=O)N[C@@H](CCCCN)C(=O)N[C@H](C(=O)N[C@@H](CCCCN)C(=O)N[C@@H](CC(N)=O)C(=O)N[C@@H](CC(C)C)C(=O)N[C@@H](Cc1ccccc1)C(=O)O)C(C)C,2662.135999999996,-10.92049999999999,39.0,39.0
CHEMBL3823840,inactive,4.0,CN(C)c1ccc(-c2nc3cc(F)c(F)cc3n3cccc23)cc1,323.346,4.498700000000003,0.0,2.0
CHEMBL3822797,inactive,4.0,CN(C)c1ccc(-c2nc3cc(F)ccc3n3cccc23)cc1,305.356,4.359600000000003,0.0,2.0
CHEMBL3823654,inactive,4.0,CN(C)c1ccc(-c2nc3cc(OC(C)(C)C(N)=O)ccc3n3cccc23)cc1,388.47100000000006,3.8632000000000017,1.0,4.0
CHEMBL3823875,inactive,4.559090917934782,CN(C)c1ccc(-c2nc3ccccc3n3cccc23)cc1,287.36600000000004,4.220500000000003,0.0,2.0
CHEMBL2316719,inactive,4.806318970458719,CN(C)c1ccc(C2=C(Cl)C(=O)N(c3ccc(Cl)c(Cl)c3)C2=O)cc1,395.67300000000006,4.582700000000003,0.0,3.0
CHEMBL2316728,inactive,4.301029995663981,CN(C)c1ccc(C2=C(N3CCOCC3)C(=O)N(c3ccc(Cl)c(Cl)c3)C2=O)cc1,446.3340000000001,3.6761000000000026,0.0,5.0
CHEMBL5276360,inactive,4.301029995663981,COS(=O)(=O)c1cc(NC(=O)Oc2ccccc2)ccc1/C=C/c1ccc(NC(=O)Oc2ccccc2)cc1S(=O)(=O)OC,638.6760000000003,5.749000000000006,2.0,10.0
CHEMBL2316726,inactive,4.354872600741609,COc1ccc(C2=C(N3CCOCC3)C(=O)N(c3ccc(Cl)c(Cl)c3)C2=O)cc1,433.2910000000001,3.6187000000000022,0.0,5.0
CHEMBL1547184,inactive,4.217169194797409,COc1ccc2c(c1)NC(c1ccc(N(C)C)cc1)c1cccn1-2,319.408,4.066800000000002,1.0,3.0
CHEMBL3824267,inactive,4.886056647693163,COc1ccc2c(c1)nc(-c1ccc(N(C)C)cc1)c1cccn12,317.39200000000005,4.229100000000003,0.0,3.0
CHEMBL3824107,inactive,4.247183568811729,COc1ccc2c(c1)nc(-c1ccc(N)cc1)c1cccn12,289.338,3.745300000000001,1.0,3.0
CHEMBL3823373,inactive,4.170696227168975,COc1ccc2c(c1)nc(-c1ccc(O)cc1)c1cccn12,290.322,3.8687000000000022,1.0,3.0
CHEMBL3824180,inactive,4.0,COc1ccc2c(c1)nc(-c1ccc([N+](=O)[O-])cc1)c1cccn12,319.32000000000005,4.071300000000003,0.0,4.0
CHEMBL3823248,inactive,4.159266765388193,COc1ccc2c(c1)nc(-c1cccnc1)c1cccn12,275.31100000000004,3.5581000000000023,0.0,3.0
CHEMBL5278453,inactive,4.5376020021010435,Cc1ccc(S(=O)(=O)Nc2ccc(/C=C/c3ccc(NS(=O)(=O)c4ccc(C)cc4)cc3S(=O)(=O)[O-])c(S(=O)(=O)[O-])c2)cc1,676.7720000000003,3.8836400000000024,2.0,10.0
CHEMBL3822905,inactive,4.0,FC(F)(F)Oc1ccc(-c2nc3ccccc3n3cccc23)cc1,328.29300000000006,5.053100000000003,0.0,2.0
CHEMBL5272279,inactive,4.698970004336019,N#Cc1ccc(/C=C/c2ccc([N+](=O)[O-])cc2S(=O)(=O)[O-])c(S(=O)(=O)[O-])c1,408.36900000000014,1.4450800000000004,0.0,9.0
CHEMBL5267296,inactive,4.301029995663981,N#Cc1ccc(CCc2ccc(C#N)cc2S(=O)(=O)[O-])c(S(=O)(=O)[O-])c1,390.39800000000014,1.0233600000000005,0.0,8.0
CHEMBL3823795,inactive,4.173925197299173,Nc1ccc(-c2nc3cc(F)c(F)cc3n3cccc23)cc1,295.29200000000003,4.014900000000002,1.0,2.0
CHEMBL3823899,inactive,4.273680387889224,Nc1ccc(-c2nc3cc(F)ccc3n3cccc23)cc1,277.302,3.8758000000000017,1.0,2.0
CHEMBL3823002,inactive,4.013676222949234,Nc1ccc(-c2nc3cc(O)ccc3n3cccc23)cc1,275.31100000000004,3.4423000000000004,2.0,3.0
CHEMBL3823807,inactive,4.698970004336019,Nc1ccc(-c2nc3cc(OCCF)ccc3n3cccc23)cc1,321.355,4.085000000000002,1.0,3.0
CHEMBL3824080,inactive,4.214314331719098,Nc1ccc(-c2nc3ccccc3n3cccc23)cc1,259.312,3.7367000000000017,1.0,2.0
CHEMBL2316730,inactive,4.301029995663981,Nc1ccc(C2=C(N3CCOCC3)C(=O)N(c3ccc(Cl)c(Cl)c3)C2=O)cc1,418.28000000000014,3.1923000000000012,1.0,5.0
CHEMBL3824220,inactive,4.019769308608968,Nc1cccc(-c2nc3ccccc3n3cccc23)c1,259.312,3.7367000000000017,1.0,2.0
CHEMBL5286345,inactive,4.515700160653214,O=C(Nc1ccc(/C=C/c2ccc(NC(=O)Oc3ccccc3)cc2)cc1)Oc1ccccc1,450.4940000000001,7.0788000000000055,2.0,4.0
CHEMBL5283877,inactive,4.301029995663981,O=C(Nc1ccc(/C=C/c2ccc(NC(=O)c3ccccc3)cc2S(=O)(=O)[O-])c(S(=O)(=O)[O-])c1)c1ccccc1,576.6080000000003,4.169800000000003,2.0,8.0
CHEMBL5274741,inactive,4.522878745280337,O=C(Nc1ccc(CCc2ccc(NC(=O)Oc3ccccc3)cc2S(=O)(=O)[O-])c(S(=O)(=O)[O-])c1)Oc1ccccc1,610.6220000000003,4.501800000000004,2.0,10.0
CHEMBL2316724,active,6.431798275933005,O=C1C(Br)=C(N2CCOCC2)C(=O)N1c1ccc(Cl)c(Cl)c1,406.0630000000001,2.805300000000001,0.0,4.0
CHEMBL1271993,inactive,4.698970004336019,O=C1C(Cl)=C(N2CCOCC2)C(=O)N1c1ccc(Cl)c(Cl)c1,361.6120000000001,2.6492000000000013,0.0,4.0
CHEMBL2316733,inactive,4.4182778400509015,O=C1C(Cl)=C(N2CCOCC2)C(=O)N1c1ccc(Cl)cc1,327.16700000000003,1.9958,0.0,4.0
CHEMBL2316734,inactive,4.8807441107220635,O=C1C(Cl)=C(N2CCOCC2)C(=O)N1c1ccc(F)c(F)c1,328.702,1.6206000000000003,0.0,4.0
CHEMBL1414442,inactive,4.82739706879014,O=C1C(Cl)=C(N2CCOCC2)C(=O)N1c1cccc(Cl)c1Cl,361.6120000000001,2.6492000000000013,0.0,4.0
CHEMBL1497208,inactive,4.748361779551788,O=C1C(Cl)=C(N2CCOCC2)C(=O)N1c1ccccc1,292.722,1.3424,0.0,4.0
CHEMBL1334552,inactive,4.705533773838407,O=C1C(Cl)=C(N2CCOCC2)C(=O)N1c1ccccc1Cl,327.16700000000003,1.9958,0.0,4.0
CHEMBL2316723,active,6.0915149811213505,O=C1C(Cl)=C(c2ccc(C(F)(F)F)cc2)C(=O)N1c1ccc(Cl)c(Cl)c1,420.6010000000001,5.535500000000002,0.0,2.0
CHEMBL2316722,active,6.031517051446065,O=C1C(Cl)=C(c2ccccc2)C(=O)N1c1ccc(Cl)c(Cl)c1,352.60400000000004,4.516700000000001,0.0,2.0
CHEMBL2316725,active,6.6020599913279625,O=C1C(I)=C(N2CCOCC2)C(=O)N1c1ccc(Cl)c(Cl)c1,453.0630000000002,2.8454000000000015,0.0,4.0
CHEMBL5278397,inactive,4.301029995663981,O=S(=O)(Nc1ccc(/C=C/c2ccc(NS(=O)(=O)c3ccccc3)cc2)cc1)c1ccccc1,490.60600000000017,5.458600000000004,2.0,4.0
CHEMBL5267208,inactive,4.5892227666227905,O=S(=O)([O-])c1cc(I)ccc1/C=C/c1ccc(I)cc1S(=O)(=O)[O-],590.1540000000001,2.8744000000000023,0.0,6.0
CHEMBL133930,active,6.045757490560675,O=S(=O)([O-])c1cc(N=C=S)ccc1/C=C/c1ccc(N=C=S)cc1S(=O)(=O)[O-],452.51600000000013,3.1338000000000026,0.0,10.0
CHEMBL5273677,inactive,4.384049948343599,O=S(=O)([O-])c1cc(NS(=O)(=O)c2ccccc2)ccc1/C=C/c1ccc(NS(=O)(=O)c2ccccc2)cc1S(=O)(=O)[O-],648.7180000000003,3.2668000000000017,2.0,10.0
CHEMBL3824216,inactive,4.102922996790579,O=[N+]([O-])c1ccc(-c2nc3cc(O)ccc3n3cccc23)cc1,305.29300000000006,3.7683000000000018,1.0,4.0
CHEMBL3823934,inactive,4.0,O=[N+]([O-])c1ccc(-c2nc3ccccc3n3cccc23)cc1,289.29400000000004,4.062700000000002,0.0,3.0
CHEMBL5287526,inactive,4.301029995663981,O=[N+]([O-])c1ccc(/C=C/c2ccc([N+](=O)[O-])cc2S(=O)(=O)[O-])c(S(=O)(=O)[O-])c1,428.35600000000017,1.4816000000000005,0.0,10.0
CHEMBL5283187,inactive,4.301029995663981,O=[N+]([O-])c1ccc(S(=O)(=O)Nc2ccc(/C=C/c3ccc(NS(=O)(=O)c4ccc([N+](=O)[O-])cc4)cc3S(=O)(=O)[O-])c(S(=O)(=O)[O-])c2)cc1,738.7120000000003,3.0832000000000015,2.0,14.0
CHEMBL3823677,inactive,4.0,O=[N+]([O-])c1cccc(-c2nc3ccccc3n3cccc23)c1,289.29400000000004,4.062700000000002,0.0,3.0
CHEMBL1567670,inactive,4.505845405981558,O=c1c2ccccc2nc(/C=C/c2cccnc2)n1Cc1ccccc1,339.3980000000001,4.010200000000002,0.0,3.0
CHEMBL3822556,inactive,4.195179321278838,Oc1ccc(-c2nc3cc(O)ccc3n3cccc23)cc1,276.295,3.5657000000000014,2.0,3.0
CHEMBL3823737,inactive,4.0,Oc1ccc(-c2nc3ccccc3n3cccc23)cc1,260.29600000000005,3.860100000000002,1.0,2.0
CHEMBL3823341,inactive,4.083809340019462,Oc1ccc2c(c1)nc(-c1cccnc1)c1cccn12,261.28400000000005,3.2551000000000014,1.0,3.0
CHEMBL5273057,inactive,4.301029995663981,[N-]=[N+]=Nc1ccc(/C=C/c2ccc(N=[N+]=[N-])cc2)cc1,262.276,5.740600000000003,0.0,2.0
CHEMBL5269627,inactive,4.667561540084395,[N-]=[N+]=Nc1ccc(/C=C/c2ccc(N=[N+]=[N-])cc2S(=O)(=O)[O-])c(S(=O)(=O)[O-])c1,420.38800000000015,3.5488000000000035,0.0,8.0
CHEMBL3824268,inactive,4.0,c1ccc2c(-c3nc4ccccc4n4cccc34)cccc2c1,294.357,5.307700000000003,0.0,1.0
CHEMBL3823629,inactive,4.0,c1ccc2c(c1)nc(-c1ccc(N3CCCC3)cc1)c1cccn12,313.404,4.754700000000004,0.0,2.0
CHEMBL3822575,inactive,4.196542884351586,c1ccc2c(c1)nc(-c1ccc(N3CCOCC3)cc1)c1cccn12,329.40299999999996,3.991100000000002,0.0,3.0
CHEMBL3822942,inactive,4.047207556955908,c1ccc2c(c1)nc(-c1ccncc1)c1cccn12,245.28500000000003,3.549500000000002,0.0,2.0
CHEMBL3823966,inactive,4.066259700503065,c1cncc(-c2nc3ccccc3n3cccc23)c1,245.28500000000003,3.549500000000002,0.0,2.0
